issuer,month,pd,thr,status,jpg,png
MJD,2026-08,0.9771804840156187,0.06600172543266378,HIGH RISK,d:\tadgan_gaf\cmdf_credit_app\thaibma\dataset\datasets_bond\tex_out\lime_jpg\lime_shap_MJD.jpg,d:\tadgan_gaf\cmdf_credit_app\thaibma\dataset\datasets_bond\tex_out\lime_figs\lime_shap_MJD.png
EP,2026-08,0.9398561395566579,0.06600172543266378,HIGH RISK,d:\tadgan_gaf\cmdf_credit_app\thaibma\dataset\datasets_bond\tex_out\lime_jpg\lime_shap_EP.jpg,d:\tadgan_gaf\cmdf_credit_app\thaibma\dataset\datasets_bond\tex_out\lime_figs\lime_shap_EP.png
CI,2026-08,0.9171845253622258,0.06600172543266378,HIGH RISK,d:\tadgan_gaf\cmdf_credit_app\thaibma\dataset\datasets_bond\tex_out\lime_jpg\lime_shap_CI.jpg,d:\tadgan_gaf\cmdf_credit_app\thaibma\dataset\datasets_bond\tex_out\lime_figs\lime_shap_CI.png
TPOLY,2026-06,0.9126047586707954,0.06600172543266378,HIGH RISK,d:\tadgan_gaf\cmdf_credit_app\thaibma\dataset\datasets_bond\tex_out\lime_jpg\lime_shap_TPOLY.jpg,d:\tadgan_gaf\cmdf_credit_app\thaibma\dataset\datasets_bond\tex_out\lime_figs\lime_shap_TPOLY.png
MUD,2026-08,0.6942794197009968,0.06600172543266378,HIGH RISK,d:\tadgan_gaf\cmdf_credit_app\thaibma\dataset\datasets_bond\tex_out\lime_jpg\lime_shap_MUD.jpg,d:\tadgan_gaf\cmdf_credit_app\thaibma\dataset\datasets_bond\tex_out\lime_figs\lime_shap_MUD.png
NRF,2026-08,0.6457002264983009,0.06600172543266378,HIGH RISK,d:\tadgan_gaf\cmdf_credit_app\thaibma\dataset\datasets_bond\tex_out\lime_jpg\lime_shap_NRF.jpg,d:\tadgan_gaf\cmdf_credit_app\thaibma\dataset\datasets_bond\tex_out\lime_figs\lime_shap_NRF.png
PF,2026-05,0.4775267282385028,0.06600172543266378,HIGH RISK,d:\tadgan_gaf\cmdf_credit_app\thaibma\dataset\datasets_bond\tex_out\lime_jpg\lime_shap_PF.jpg,d:\tadgan_gaf\cmdf_credit_app\thaibma\dataset\datasets_bond\tex_out\lime_figs\lime_shap_PF.png
A,2026-01,0.21942209845421334,0.06600172543266378,HIGH RISK,d:\tadgan_gaf\cmdf_credit_app\thaibma\dataset\datasets_bond\tex_out\lime_jpg\lime_shap_A.jpg,d:\tadgan_gaf\cmdf_credit_app\thaibma\dataset\datasets_bond\tex_out\lime_figs\lime_shap_A.png
NWR,2026-08,0.17394694653360276,0.06600172543266378,HIGH RISK,d:\tadgan_gaf\cmdf_credit_app\thaibma\dataset\datasets_bond\tex_out\lime_jpg\lime_shap_NWR.jpg,d:\tadgan_gaf\cmdf_credit_app\thaibma\dataset\datasets_bond\tex_out\lime_figs\lime_shap_NWR.png
S,2026-08,0.14207077337363344,0.06600172543266378,HIGH RISK,d:\tadgan_gaf\cmdf_credit_app\thaibma\dataset\datasets_bond\tex_out\lime_jpg\lime_shap_S.jpg,d:\tadgan_gaf\cmdf_credit_app\thaibma\dataset\datasets_bond\tex_out\lime_figs\lime_shap_S.png
SST,2026-08,0.1352676975342831,0.06600172543266378,HIGH RISK,d:\tadgan_gaf\cmdf_credit_app\thaibma\dataset\datasets_bond\tex_out\lime_jpg\lime_shap_SST.jpg,d:\tadgan_gaf\cmdf_credit_app\thaibma\dataset\datasets_bond\tex_out\lime_figs\lime_shap_SST.png
RICHY,2026-08,0.1263234888544571,0.06600172543266378,HIGH RISK,d:\tadgan_gaf\cmdf_credit_app\thaibma\dataset\datasets_bond\tex_out\lime_jpg\lime_shap_RICHY.jpg,d:\tadgan_gaf\cmdf_credit_app\thaibma\dataset\datasets_bond\tex_out\lime_figs\lime_shap_RICHY.png
CHO,2026-08,0.09585448139594165,0.06600172543266378,HIGH RISK,d:\tadgan_gaf\cmdf_credit_app\thaibma\dataset\datasets_bond\tex_out\lime_jpg\lime_shap_CHO.jpg,d:\tadgan_gaf\cmdf_credit_app\thaibma\dataset\datasets_bond\tex_out\lime_figs\lime_shap_CHO.png
GRAND,2026-03,0.09574686256477243,0.06600172543266378,HIGH RISK,d:\tadgan_gaf\cmdf_credit_app\thaibma\dataset\datasets_bond\tex_out\lime_jpg\lime_shap_GRAND.jpg,d:\tadgan_gaf\cmdf_credit_app\thaibma\dataset\datasets_bond\tex_out\lime_figs\lime_shap_GRAND.png
CAZ,2026-08,0.07298648896636226,0.06600172543266378,HIGH RISK,d:\tadgan_gaf\cmdf_credit_app\thaibma\dataset\datasets_bond\tex_out\lime_jpg\lime_shap_CAZ.jpg,d:\tadgan_gaf\cmdf_credit_app\thaibma\dataset\datasets_bond\tex_out\lime_figs\lime_shap_CAZ.png
SQ,2026-06,0.06134521641019856,0.06600172543266378,NORMAL,d:\tadgan_gaf\cmdf_credit_app\thaibma\dataset\datasets_bond\tex_out\lime_jpg\lime_shap_SQ.jpg,d:\tadgan_gaf\cmdf_credit_app\thaibma\dataset\datasets_bond\tex_out\lime_figs\lime_shap_SQ.png
DTP,2026-08,0.047973434953432724,0.06600172543266378,NORMAL,d:\tadgan_gaf\cmdf_credit_app\thaibma\dataset\datasets_bond\tex_out\lime_jpg\lime_shap_DTP.jpg,d:\tadgan_gaf\cmdf_credit_app\thaibma\dataset\datasets_bond\tex_out\lime_figs\lime_shap_DTP.png
RML,2026-08,0.02696978620787877,0.06600172543266378,NORMAL,d:\tadgan_gaf\cmdf_credit_app\thaibma\dataset\datasets_bond\tex_out\lime_jpg\lime_shap_RML.jpg,d:\tadgan_gaf\cmdf_credit_app\thaibma\dataset\datasets_bond\tex_out\lime_figs\lime_shap_RML.png
ECF,2026-03,0.021155444772624717,0.06600172543266378,NORMAL,d:\tadgan_gaf\cmdf_credit_app\thaibma\dataset\datasets_bond\tex_out\lime_jpg\lime_shap_ECF.jpg,d:\tadgan_gaf\cmdf_credit_app\thaibma\dataset\datasets_bond\tex_out\lime_figs\lime_shap_ECF.png
PRIME,2025-11,0.013772531798081536,0.06600172543266378,NORMAL,d:\tadgan_gaf\cmdf_credit_app\thaibma\dataset\datasets_bond\tex_out\lime_jpg\lime_shap_PRIME.jpg,d:\tadgan_gaf\cmdf_credit_app\thaibma\dataset\datasets_bond\tex_out\lime_figs\lime_shap_PRIME.png
